id,items_,filename,from_,to_
1,юрий,cta0001.seg_Y1,0.0,18180.0
2,трифонов,cta0001.seg_Y1,18180.0,54662.0
3,обмен,cta0002.seg_Y1,0.0,31872.0
4,в,cta0003.seg_Y1,0.0,5524.0
5,июле,cta0003.seg_Y1,5524.0,24844.0
6,мать,cta0003.seg_Y1,24844.0,39176.0
7,дмитриева,cta0003.seg_Y1,39176.0,66674.0
8,ксения,cta0003.seg_Y1,66674.0,89776.0
9,федоровна,cta0003.seg_Y1,89776.0,123334.0
10,тяжело,cta0003.seg_Y1,126828.0,149792.0
11,заболела,cta0003.seg_Y1,149792.0,181270.0
12,и,cta0003.seg_Y1,204406.0,211214.0
13,ее,cta0003.seg_Y1,211214.0,222574.0
14,отвезли,cta0003.seg_Y1,222574.0,246398.0
15,в,cta0003.seg_Y1,246398.0,249268.0
16,боткинскую,cta0003.seg_Y1,249268.0,288210.0
17,где,cta0003.seg_Y1,300902.0,310382.0
18,она,cta0003.seg_Y1,310382.0,320090.0
19,пролежала,cta0003.seg_Y1,320090.0,346882.0
20,двенадцать,cta0003.seg_Y1,346882.0,375378.0
21,дней,cta0003.seg_Y1,375378.0,390928.0
22,с,cta0003.seg_Y1,409412.0,413054.0
23,подозрением,cta0003.seg_Y1,413054.0,444914.0
24,на,cta0003.seg_Y1,444914.0,450136.0
25,самое,cta0003.seg_Y1,450136.0,468514.0
26,худшее,cta0003.seg_Y1,468514.0,496230.0
27,в,cta0004.seg_Y1,0.0,468.0
28,сентябре,cta0004.seg_Y1,468.0,29146.0
29,сделали,cta0004.seg_Y1,29146.0,49528.0
30,операцию,cta0004.seg_Y1,49528.0,82710.0
31,худшее,cta0004.seg_Y1,103976.0,127894.0
32,подтвердилось,cta0004.seg_Y1,127894.0,168876.0
33,но,cta0004.seg_Y1,199322.0,205936.0
34,ксения,cta0004.seg_Y1,205936.0,226110.0
35,федоровна,cta0004.seg_Y1,226110.0,254766.0
36,считавшая,cta0004.seg_Y1,268256.0,295162.0
37,что,cta0004.seg_Y1,295162.0,304384.0
38,у,cta0004.seg_Y1,304384.0,306986.0
39,нее,cta0004.seg_Y1,306986.0,321562.0
40,болезнь,cta0004.seg_Y1,351188.0,375464.0
41,почувствовала,cta0004.seg_Y1,387860.0,423738.0
42,улучшение,cta0004.seg_Y1,423738.0,461346.0
43,стала,cta0004.seg_Y1,485192.0,502034.0
44,вскоре,cta0004.seg_Y1,502034.0,520348.0
45,ходить,cta0004.seg_Y1,520348.0,544730.0
46,и,cta0004.seg_Y1,569520.0,573596.0
47,в,cta0004.seg_Y1,573596.0,576086.0
48,октябре,cta0004.seg_Y1,576086.0,596564.0
49,ее,cta0004.seg_Y1,596564.0,608142.0
50,отправили,cta0004.seg_Y1,608142.0,632976.0
51,домой,cta0004.seg_Y1,632976.0,654618.0
52,пополневшую,cta0004.seg_Y1,673078.0,715868.0
53,и,cta0004.seg_Y1,732282.0,736490.0
54,твердо,cta0004.seg_Y1,736490.0,754064.0
55,уверенную,cta0004.seg_Y1,754064.0,781402.0
56,в,cta0004.seg_Y1,781402.0,785330.0
57,том,cta0004.seg_Y1,785330.0,799240.0
58,что,cta0004.seg_Y1,811154.0,822692.0
59,дело,cta0004.seg_Y1,822692.0,838870.0
60,идет,cta0004.seg_Y1,838870.0,856056.0
61,на,cta0004.seg_Y1,856056.0,859600.0
62,поправку,cta0004.seg_Y1,859600.0,889588.0
63,вот,cta0005.seg_Y1,0.0,10648.0
64,именно,cta0005.seg_Y1,10648.0,23398.0
65,тогда,cta0005.seg_Y1,23398.0,50736.0
66,когда,cta0005.seg_Y1,61664.0,76990.0
67,ксения,cta0005.seg_Y1,76990.0,97440.0
68,федоровна,cta0005.seg_Y1,97440.0,121876.0
69,вернулась,cta0005.seg_Y1,121876.0,145236.0
70,из,cta0005.seg_Y1,145236.0,149850.0
71,больницы,cta0005.seg_Y1,149850.0,180554.0
72,жена,cta0005.seg_Y1,205702.0,222430.0
73,дмитриева,cta0005.seg_Y1,222430.0,251320.0
74,затеяла,cta0005.seg_Y1,251320.0,281934.0
75,обмен,cta0005.seg_Y1,281934.0,310348.0
76,решила,cta0005.seg_Y1,336160.0,357450.0
77,съезжаться,cta0005.seg_Y1,381312.0,409414.0
78,со,cta0005.seg_Y1,409414.0,414966.0
79,свекровью,cta0005.seg_Y1,414966.0,446018.0
80,жившей,cta0005.seg_Y1,463208.0,485072.0
81,одиноко,cta0005.seg_Y1,485072.0,505662.0
82,в,cta0005.seg_Y1,505662.0,509658.0
83,хорошей,cta0005.seg_Y1,509658.0,539000.0
84,двадцатиметровой,cta0005.seg_Y1,542264.0,586940.0
85,комнате,cta0005.seg_Y1,586940.0,616464.0
86,на,cta0005.seg_Y1,622096.0,627906.0
87,профсоюзной,cta0005.seg_Y1,627906.0,664882.0
88,улице,cta0005.seg_Y1,664882.0,691068.0
89,разговоры,cta0006.seg_Y1,0.0,24794.0
90,о,cta0006.seg_Y1,24794.0,27370.0
91,том,cta0006.seg_Y1,27370.0,38130.0
92,чтобы,cta0006.seg_Y1,38130.0,52820.0
93,соединиться,cta0006.seg_Y1,52820.0,82604.0
94,с,cta0006.seg_Y1,82604.0,87802.0
95,матерью,cta0006.seg_Y1,87802.0,114074.0
96,дмитриев,cta0006.seg_Y1,126168.0,152920.0
97,начинал,cta0006.seg_Y1,152920.0,174384.0
98,и,cta0006.seg_Y1,174384.0,176602.0
99,сам,cta0006.seg_Y1,176602.0,194222.0
100,делал,cta0006.seg_Y1,216528.0,240654.0
101,это,cta0006.seg_Y1,240654.0,249352.0
102,не,cta0006.seg_Y1,249352.0,256922.0
103,раз,cta0006.seg_Y1,256922.0,272444.0
104,но,cta0007.seg_Y1,0.0,7862.0
105,то,cta0007.seg_Y1,7862.0,14912.0
106,было,cta0007.seg_Y1,14912.0,25654.0
107,давно,cta0007.seg_Y1,25654.0,46692.0
108,во,cta0007.seg_Y1,64758.0,71956.0
109,времена,cta0007.seg_Y1,71956.0,91314.0
110,когда,cta0007.seg_Y1,91314.0,106102.0
111,отношения,cta0007.seg_Y1,106102.0,133582.0
112,лены,cta0007.seg_Y1,133582.0,145938.0
113,с,cta0007.seg_Y1,145938.0,150018.0
114,ксенией,cta0007.seg_Y1,150018.0,169790.0
115,федоровной,cta0007.seg_Y1,169790.0,198732.0
116,еще,cta0007.seg_Y1,214922.0,230350.0
117,не,cta0007.seg_Y1,230350.0,235446.0
118,отчеканились,cta0007.seg_Y1,235446.0,269604.0
119,в,cta0007.seg_Y1,269604.0,273380.0
120,формы,cta0007.seg_Y1,273380.0,287968.0
121,такой,cta0007.seg_Y1,287968.0,302204.0
122,и,cta0007.seg_Y1,338534.0,341216.0
123,прочной,cta0007.seg_Y1,341216.0,361376.0
124,вражды,cta0007.seg_Y1,361376.0,384056.0
125,что,cta0007.seg_Y1,405262.0,414110.0
126,произошло,cta0007.seg_Y1,414110.0,441296.0
127,теперь,cta0007.seg_Y1,441296.0,464984.0
128,после,cta0007.seg_Y1,479220.0,494424.0
129,лет,cta0007.seg_Y1,529746.0,542660.0
130,супружеской,cta0007.seg_Y1,552950.0,587632.0
131,жизни,cta0007.seg_Y1,587632.0,603842.0
132,дмитриева,cta0007.seg_Y1,603842.0,633748.0
133,всегда,cta0008.seg_Y1,0.0,18244.0
134,он,cta0008.seg_Y1,18244.0,24334.0
135,наталкивался,cta0008.seg_Y1,24334.0,58608.0
136,на,cta0008.seg_Y1,58608.0,64316.0
137,твердое,cta0008.seg_Y1,64316.0,86020.0
138,сопротивление,cta0008.seg_Y1,86020.0,122402.0
139,лены,cta0008.seg_Y1,122402.0,143624.0
140,и,cta0008.seg_Y1,164770.0,170782.0
141,с,cta0008.seg_Y1,170782.0,174278.0
142,годами,cta0008.seg_Y1,174278.0,200854.0
143,идея,cta0008.seg_Y1,200854.0,222924.0
144,стала,cta0008.seg_Y1,222924.0,240320.0
145,являться,cta0008.seg_Y1,240320.0,262274.0
146,все,cta0008.seg_Y1,262274.0,273432.0
147,реже,cta0008.seg_Y1,273432.0,291990.0
148,и,cta0009.seg_Y1,0.0,5502.0
149,лишь,cta0009.seg_Y1,16440.0,26340.0
150,в,cta0009.seg_Y1,26340.0,31520.0
151,минуты,cta0009.seg_Y1,31520.0,48390.0
152,раздражения,cta0009.seg_Y1,48390.0,84062.0
153,она,cta0010.seg_Y1,0.0,9520.0
154,превратилась,cta0010.seg_Y1,9520.0,39384.0
155,в,cta0010.seg_Y1,39384.0,44372.0
156,портативное,cta0010.seg_Y1,44372.0,84002.0
157,и,cta0010.seg_Y1,84002.0,90988.0
158,удобное,cta0010.seg_Y1,90988.0,122216.0
159,при,cta0010.seg_Y1,149746.0,158110.0
160,себе,cta0010.seg_Y1,158110.0,175110.0
161,оружие,cta0010.seg_Y1,197042.0,219246.0
162,для,cta0010.seg_Y1,219246.0,228720.0
163,мелких,cta0010.seg_Y1,228720.0,249458.0
164,семейных,cta0010.seg_Y1,249458.0,273378.0
165,стычек,cta0010.seg_Y1,273378.0,300096.0
166,когда,cta0011.seg_Y1,0.0,16798.0
167,дмитриеву,cta0011.seg_Y1,16798.0,42574.0
168,хотелось,cta0011.seg_Y1,42574.0,65808.0
169,за,cta0011.seg_Y1,65808.0,72074.0
170,что-то,cta0011.seg_Y1,72074.0,89528.0
171,лену,cta0011.seg_Y1,116032.0,136138.0
172,обвинить,cta0011.seg_Y1,151312.0,177120.0
173,ее,cta0011.seg_Y1,177120.0,184538.0
174,в,cta0011.seg_Y1,184538.0,188304.0
175,эгоизме,cta0011.seg_Y1,188304.0,215332.0
176,или,cta0011.seg_Y1,215332.0,221544.0
177,в,cta0011.seg_Y1,221544.0,224940.0
178,черствости,cta0011.seg_Y1,224940.0,261246.0
179,он,cta0011.seg_Y1,272860.0,282342.0
180,говорил,cta0011.seg_Y1,282342.0,307130.0
181,вот,cta0011.seg_Y1,335334.0,345474.0
182,ты,cta0011.seg_Y1,370524.0,377534.0
183,и,cta0011.seg_Y1,377534.0,380884.0
184,с,cta0011.seg_Y1,380884.0,386272.0
185,моей,cta0011.seg_Y1,405516.0,419344.0
186,не,cta0011.seg_Y1,419344.0,423720.0
187,хочешь,cta0011.seg_Y1,423720.0,442312.0
188,жить,cta0011.seg_Y1,442312.0,456780.0
189,когда,cta0012.seg_Y1,0.0,14802.0
190,же,cta0012.seg_Y1,14802.0,19620.0
191,потребность,cta0012.seg_Y1,19620.0,45556.0
192,или,cta0012.seg_Y1,72306.0,79018.0
193,надавить,cta0012.seg_Y1,79018.0,102636.0
194,на,cta0012.seg_Y1,102636.0,107630.0
195,больное,cta0012.seg_Y1,107630.0,128610.0
196,возникала,cta0012.seg_Y1,128610.0,155312.0
197,у,cta0012.seg_Y1,155312.0,158774.0
198,лены,cta0012.seg_Y1,158774.0,177810.0
199,она,cta0012.seg_Y1,201134.0,212972.0
200,говорила,cta0012.seg_Y1,212972.0,240014.0
201,вот,cta0012.seg_Y1,267672.0,278988.0
202,я,cta0012.seg_Y1,304634.0,312084.0
203,и,cta0012.seg_Y1,312084.0,315630.0
204,с,cta0012.seg_Y1,315630.0,321544.0
205,твоей,cta0012.seg_Y1,342676.0,357840.0
206,жить,cta0012.seg_Y1,357840.0,368858.0
207,не,cta0012.seg_Y1,368858.0,372928.0
208,могу,cta0012.seg_Y1,372928.0,390070.0
209,и,cta0012.seg_Y1,398064.0,402140.0
210,никогда,cta0012.seg_Y1,402140.0,422856.0
211,не,cta0012.seg_Y1,422856.0,428364.0
212,стану,cta0012.seg_Y1,428364.0,449454.0
213,потому,cta0012.seg_Y1,467288.0,484072.0
214,что,cta0012.seg_Y1,484072.0,494362.0
215,ты,cta0012.seg_Y1,494362.0,508226.0
216,вылитая,cta0012.seg_Y1,525406.0,555164.0
217,она,cta0012.seg_Y1,556740.0,575170.0
218,а,cta0012.seg_Y1,595596.0,600732.0
219,с,cta0012.seg_Y1,600732.0,606314.0
220,хватит,cta0012.seg_Y1,620260.0,642066.0
221,одного,cta0012.seg_Y1,650144.0,670980.0
222,тебя,cta0012.seg_Y1,670980.0,690134.0
223,когда-то,cta0013.seg_Y1,0.0,20240.0
224,все,cta0013.seg_Y1,20240.0,30706.0
225,это,cta0013.seg_Y1,30706.0,39860.0
226,дергало,cta0013.seg_Y1,39860.0,72450.0
227,дмитриева,cta0013.seg_Y1,108120.0,139918.0
228,из-за,cta0014.seg_Y1,0.0,15420.0
229,матери,cta0014.seg_Y1,15420.0,38626.0
230,у,cta0014.seg_Y1,56320.0,60516.0
231,него,cta0014.seg_Y1,60516.0,71168.0
232,бывали,cta0014.seg_Y1,71168.0,89388.0
233,жестокие,cta0014.seg_Y1,89388.0,117062.0
234,перепалки,cta0014.seg_Y1,117062.0,145730.0
235,с,cta0014.seg_Y1,145730.0,149572.0
236,женой,cta0014.seg_Y1,149572.0,169088.0
237,он,cta0014.seg_Y1,193362.0,200836.0
238,доходил,cta0014.seg_Y1,200836.0,224898.0
239,до,cta0014.seg_Y1,224898.0,232844.0
240,озлобления,cta0014.seg_Y1,252662.0,285028.0
241,из-за,cta0014.seg_Y1,285028.0,293442.0
242,какого-нибудь,cta0014.seg_Y1,293442.0,324332.0
243,словца,cta0014.seg_Y1,350204.0,374496.0
244,сказанного,cta0014.seg_Y1,384924.0,413008.0
245,леной,cta0014.seg_Y1,413008.0,433196.0
246,из-за,cta0014.seg_Y1,463638.0,478276.0
247,жены,cta0014.seg_Y1,478276.0,496802.0
248,пускался,cta0014.seg_Y1,522672.0,549388.0
249,в,cta0014.seg_Y1,549388.0,552034.0
250,тягостные,cta0014.seg_Y1,552034.0,582180.0
251,выяснения,cta0014.seg_Y1,582180.0,608930.0
252,отношений,cta0014.seg_Y1,608930.0,633260.0
253,с,cta0014.seg_Y1,633260.0,638678.0
254,матерью,cta0014.seg_Y1,638678.0,663590.0
255,после,cta0014.seg_Y1,678416.0,693420.0
256,чего,cta0014.seg_Y1,693420.0,706542.0
257,мать,cta0014.seg_Y1,706542.0,721856.0
258,не,cta0014.seg_Y1,739916.0,745226.0
259,разговаривала,cta0014.seg_Y1,745226.0,774552.0
260,с,cta0014.seg_Y1,774552.0,780438.0
261,ним,cta0014.seg_Y1,780438.0,791732.0
262,по,cta0014.seg_Y1,801588.0,808374.0
263,нескольку,cta0014.seg_Y1,808374.0,832124.0
264,дней,cta0014.seg_Y1,832124.0,846954.0
265,он,cta0015.seg_Y1,0.0,7682.0
266,упрямо,cta0015.seg_Y1,7682.0,29636.0
267,пытался,cta0015.seg_Y1,29636.0,53626.0
268,сводить,cta0015.seg_Y1,53626.0,85632.0
269,мирить,cta0015.seg_Y1,96040.0,126086.0
270,селил,cta0015.seg_Y1,144790.0,166000.0
271,вместе,cta0015.seg_Y1,166000.0,187870.0
272,на,cta0015.seg_Y1,187870.0,194966.0
273,даче,cta0015.seg_Y1,194966.0,217762.0
274,однажды,cta0015.seg_Y1,237596.0,261228.0
275,купил,cta0015.seg_Y1,261228.0,277146.0
276,обеим,cta0015.seg_Y1,277146.0,293678.0
277,путевки,cta0015.seg_Y1,293678.0,318666.0
278,на,cta0015.seg_Y1,318666.0,324638.0
279,рижское,cta0015.seg_Y1,324638.0,344620.0
280,взморье,cta0015.seg_Y1,344620.0,372320.0
281,но,cta0015.seg_Y1,395930.0,406128.0
282,ничего,cta0015.seg_Y1,406128.0,429468.0
283,из,cta0015.seg_Y1,452464.0,458552.0
284,всего,cta0015.seg_Y1,458552.0,475322.0
285,этого,cta0015.seg_Y1,475322.0,497648.0
286,не,cta0015.seg_Y1,505930.0,515118.0
287,выходило,cta0015.seg_Y1,515118.0,546438.0
288,какая-то,cta0016.seg_Y1,0.0,21452.0
289,стояла,cta0016.seg_Y1,51852.0,72594.0
290,между,cta0016.seg_Y1,72594.0,87366.0
291,двумя,cta0016.seg_Y1,87366.0,103592.0
292,женщинами,cta0016.seg_Y1,103592.0,134818.0
293,и,cta0016.seg_Y1,153602.0,159030.0
294,ее,cta0016.seg_Y1,192064.0,200996.0
295,они,cta0016.seg_Y1,200996.0,218522.0
296,не,cta0016.seg_Y1,226064.0,234134.0
297,могли,cta0016.seg_Y1,234134.0,256200.0
298,так,cta0017.seg_Y1,20530.0,30954.0
299,было,cta0017.seg_Y1,30954.0,48954.0
300,он,cta0017.seg_Y1,62246.0,70786.0
301,не,cta0017.seg_Y1,70786.0,75126.0
302,понимал,cta0017.seg_Y1,75126.0,102216.0
303,хотя,cta0017.seg_Y1,127706.0,142152.0
304,раньше,cta0017.seg_Y1,142152.0,160540.0
305,задумывался,cta0017.seg_Y1,160540.0,191312.0
306,часто,cta0017.seg_Y1,191312.0,219084.0
307,почему,cta0018.seg_Y1,0.0,21442.0
308,две,cta0018.seg_Y1,21442.0,32270.0
309,интеллигентные,cta0018.seg_Y1,32270.0,76086.0
310,всеми,cta0018.seg_Y1,76086.0,96010.0
311,уважаемые,cta0018.seg_Y1,96010.0,128566.0
312,женщины,cta0018.seg_Y1,128566.0,157084.0
313,ксения,cta0018.seg_Y1,166600.0,187272.0
314,федоровна,cta0018.seg_Y1,187272.0,208498.0
315,работала,cta0018.seg_Y1,208498.0,229160.0
316,старшим,cta0018.seg_Y1,229160.0,248926.0
317,библиографом,cta0018.seg_Y1,248926.0,281900.0
318,одной,cta0018.seg_Y1,281900.0,293006.0
319,крупной,cta0018.seg_Y1,293006.0,308772.0
320,академической,cta0018.seg_Y1,308772.0,337906.0
321,библиотеки,cta0018.seg_Y1,337906.0,374240.0
322,а,cta0018.seg_Y1,395392.0,400136.0
323,лена,cta0018.seg_Y1,400136.0,413938.0
324,занималась,cta0018.seg_Y1,413938.0,436564.0
325,переводами,cta0018.seg_Y1,436564.0,463894.0
326,английских,cta0018.seg_Y1,463894.0,493652.0
327,технических,cta0018.seg_Y1,493652.0,523692.0
328,текстов,cta0018.seg_Y1,523692.0,549426.0
329,и,cta0018.seg_Y1,564698.0,568778.0
330,как,cta0018.seg_Y1,568778.0,578664.0
331,говорили,cta0018.seg_Y1,578664.0,603572.0
332,была,cta0018.seg_Y1,616750.0,629978.0
333,переводчицей,cta0018.seg_Y1,658254.0,696918.0
334,даже,cta0018.seg_Y1,709194.0,722460.0
335,участвовала,cta0018.seg_Y1,722460.0,753490.0
336,в,cta0018.seg_Y1,753490.0,756006.0
337,составлении,cta0018.seg_Y1,756006.0,785556.0
338,какого-то,cta0018.seg_Y1,785556.0,806406.0
339,учебника,cta0018.seg_Y1,839782.0,864344.0
340,по,cta0018.seg_Y1,864344.0,870654.0
341,переводу,cta0018.seg_Y1,870654.0,900250.0
342,почему,cta0018.seg_Y1,925160.0,956540.0
343,две,cta0018.seg_Y1,976114.0,988972.0
344,хорошие,cta0018.seg_Y1,988972.0,1014288.0
345,женщины,cta0018.seg_Y1,1014288.0,1043876.0
346,горячо,cta0018.seg_Y1,1059152.0,1078990.0
347,любившие,cta0018.seg_Y1,1078990.0,1105102.0
348,дмитриева,cta0018.seg_Y1,1105102.0,1138732.0
349,хорошего,cta0018.seg_Y1,1160104.0,1184208.0
350,человека,cta0018.seg_Y1,1184208.0,1215438.0
351,и,cta0018.seg_Y1,1233968.0,1238948.0
352,его,cta0018.seg_Y1,1238948.0,1249522.0
353,наташку,cta0018.seg_Y1,1264662.0,1294684.0
354,лелеяли,cta0018.seg_Y1,1342994.0,1366236.0
355,в,cta0018.seg_Y1,1366236.0,1369876.0
356,себе,cta0018.seg_Y1,1369876.0,1382986.0
357,с,cta0018.seg_Y1,1417712.0,1420790.0
358,годами,cta0018.seg_Y1,1420790.0,1445596.0
359,взаимную,cta0018.seg_Y1,1455766.0,1485396.0
360,неприязнь,cta0018.seg_Y1,1485396.0,1517532.0
361,мучился,cta0019.seg_Y1,0.0,37908.0
362,изумлялся,cta0019.seg_Y1,51268.0,92778.0
363,ломал,cta0019.seg_Y1,110370.0,128348.0
364,себе,cta0019.seg_Y1,128348.0,142278.0
365,голову,cta0019.seg_Y1,142278.0,165228.0
366,но,cta0019.seg_Y1,183994.0,192914.0
367,потом,cta0019.seg_Y1,192914.0,215130.0
368,привык,cta0019.seg_Y1,224212.0,252878.0
369,привык,cta0020.seg_Y1,0.0,18518.0
370,оттого,cta0020.seg_Y1,18518.0,38178.0
371,что,cta0020.seg_Y1,38178.0,48754.0
372,увидел,cta0020.seg_Y1,48754.0,76346.0
373,что,cta0020.seg_Y1,92678.0,105888.0
374,же,cta0020.seg_Y1,116742.0,127976.0
375,у,cta0020.seg_Y1,135492.0,139226.0
376,всех,cta0020.seg_Y1,139226.0,165418.0
377,и,cta0020.seg_Y1,188920.0,195384.0
378,все,cta0020.seg_Y1,195384.0,213076.0
379,привыкли,cta0020.seg_Y1,232618.0,263028.0
380,и,cta0021.seg_Y1,0.0,3180.0
381,на,cta0021.seg_Y1,40496.0,45792.0
382,той,cta0021.seg_Y1,45792.0,56938.0
383,истине,cta0021.seg_Y1,56938.0,81854.0
384,что,cta0021.seg_Y1,98464.0,110444.0
385,в,cta0021.seg_Y1,120872.0,124392.0
386,жизни,cta0021.seg_Y1,124392.0,141574.0
387,ничего,cta0021.seg_Y1,141574.0,157006.0
388,более,cta0021.seg_Y1,157006.0,173708.0
389,и,cta0021.seg_Y1,196052.0,198630.0
390,ценного,cta0021.seg_Y1,198630.0,223696.0
391,чем,cta0021.seg_Y1,223696.0,237264.0
392,покой,cta0021.seg_Y1,237264.0,265200.0
393,и,cta0021.seg_Y1,291186.0,296716.0
394,его-то,cta0021.seg_Y1,296716.0,324704.0
395,нужно,cta0021.seg_Y1,340882.0,359378.0
396,беречь,cta0021.seg_Y1,359378.0,380372.0
397,изо,cta0021.seg_Y1,380372.0,399196.0
398,сил,cta0021.seg_Y1,416442.0,432180.0
399,поэтому,cta0022.seg_Y1,0.0,20356.0
400,когда,cta0022.seg_Y1,20356.0,35936.0
401,лена,cta0022.seg_Y1,35936.0,48310.0
402,вдруг,cta0022.seg_Y1,48310.0,61684.0
403,заговорила,cta0022.seg_Y1,61684.0,88504.0
404,об,cta0022.seg_Y1,88504.0,95468.0
405,обмене,cta0022.seg_Y1,95468.0,113360.0
406,с,cta0022.seg_Y1,113360.0,117280.0
407,маркушевичами,cta0022.seg_Y1,117280.0,159108.0
408,поздним,cta0022.seg_Y1,174336.0,193286.0
409,вечером,cta0022.seg_Y1,193286.0,215516.0
410,давно,cta0022.seg_Y1,215516.0,230962.0
411,отужинали,cta0022.seg_Y1,230962.0,258004.0
412,наташка,cta0022.seg_Y1,258004.0,279172.0
413,спала,cta0022.seg_Y1,279172.0,300296.0
414,дмитриев,cta0022.seg_Y1,326058.0,354004.0
415,испугался,cta0022.seg_Y1,354004.0,395770.0
416,такие,cta0023.seg_Y1,14918.0,32090.0
417,маркушевичи,cta0023.seg_Y1,32090.0,72346.0
418,откуда,cta0024.seg_Y1,0.0,22066.0
419,она,cta0024.seg_Y1,22066.0,30656.0
420,их,cta0024.seg_Y1,30656.0,36514.0
421,взяла,cta0024.seg_Y1,36514.0,57052.0
422,двухкомнатная,cta0025.seg_Y1,0.0,33800.0
423,квартира,cta0025.seg_Y1,33800.0,59638.0
424,на,cta0025.seg_Y1,59638.0,65738.0
425,малой,cta0025.seg_Y1,65738.0,81052.0
426,грузинской,cta0025.seg_Y1,81052.0,115972.0
427,он,cta0026.seg_Y1,0.0,11314.0
428,тайную,cta0026.seg_Y1,35662.0,65702.0
429,и,cta0026.seg_Y1,65702.0,74786.0
430,простую,cta0026.seg_Y1,74786.0,104740.0
431,мысль,cta0026.seg_Y1,104740.0,125740.0
432,лены,cta0026.seg_Y1,125740.0,145024.0
433,от,cta0026.seg_Y1,178822.0,186684.0
434,этого,cta0026.seg_Y1,186684.0,199626.0
435,понимания,cta0026.seg_Y1,199626.0,231548.0
436,испуг,cta0026.seg_Y1,250882.0,274200.0
437,проник,cta0026.seg_Y1,274200.0,295174.0
438,в,cta0026.seg_Y1,295174.0,297634.0
439,его,cta0026.seg_Y1,297634.0,309062.0
440,сердце,cta0026.seg_Y1,309062.0,333364.0
441,и,cta0026.seg_Y1,358190.0,363088.0
442,он,cta0026.seg_Y1,363088.0,369824.0
443,побледнел,cta0026.seg_Y1,369824.0,403224.0
444,сник,cta0026.seg_Y1,425124.0,450532.0
445,не,cta0026.seg_Y1,473430.0,482212.0
446,мог,cta0026.seg_Y1,482212.0,495266.0
447,поднять,cta0026.seg_Y1,495266.0,516212.0
448,глаз,cta0026.seg_Y1,516212.0,534044.0
449,на,cta0026.seg_Y1,534044.0,539388.0
450,лену,cta0026.seg_Y1,539388.0,554114.0
451,так,cta0027.seg_Y1,0.0,9818.0
452,как,cta0027.seg_Y1,9818.0,19822.0
453,он,cta0027.seg_Y1,19822.0,26698.0
454,молчал,cta0027.seg_Y1,26698.0,54666.0
455,лена,cta0027.seg_Y1,65662.0,81872.0
456,продолжала,cta0027.seg_Y1,81872.0,115370.0
457,комната,cta0027.seg_Y1,188286.0,209160.0
458,на,cta0027.seg_Y1,209160.0,213514.0
459,профсоюзной,cta0027.seg_Y1,213514.0,248116.0
460,им,cta0027.seg_Y1,252576.0,259360.0
461,понравится,cta0027.seg_Y1,259360.0,289376.0
462,наверняка,cta0027.seg_Y1,289376.0,318376.0
463,она,cta0027.seg_Y1,348644.0,358940.0
464,их,cta0027.seg_Y1,358940.0,366840.0
465,устроит,cta0027.seg_Y1,366840.0,389852.0
466,географически,cta0027.seg_Y1,389852.0,433558.0
467,потому,cta0027.seg_Y1,453166.0,466798.0
468,что,cta0027.seg_Y1,466798.0,474854.0
469,маркушевича,cta0027.seg_Y1,488110.0,520104.0
470,работает,cta0027.seg_Y1,520104.0,541658.0
471,где-то,cta0027.seg_Y1,541658.0,556370.0
472,возле,cta0027.seg_Y1,556370.0,571454.0
473,калужской,cta0027.seg_Y1,571454.0,595976.0
474,заставы,cta0027.seg_Y1,595976.0,624678.0
475,а,cta0027.seg_Y1,664212.0,668984.0
476,вот,cta0027.seg_Y1,668984.0,676938.0
477,к,cta0027.seg_Y1,676938.0,681040.0
478,их,cta0027.seg_Y1,681040.0,687898.0
479,комнате,cta0027.seg_Y1,715520.0,743956.0
480,потребуется,cta0027.seg_Y1,757850.0,787616.0
481,наверно,cta0027.seg_Y1,787616.0,810306.0
482,доплата,cta0027.seg_Y1,810306.0,841012.0
483,не,cta0028.seg_Y1,19786.0,24768.0
484,заинтересуешь,cta0028.seg_Y1,24768.0,64486.0
485,можно,cta0029.seg_Y1,0.0,16072.0
486,конечно,cta0029.seg_Y1,16072.0,36048.0
487,попробовать,cta0029.seg_Y1,36048.0,63140.0
488,обменять,cta0029.seg_Y1,65854.0,90164.0
489,их,cta0029.seg_Y1,90164.0,94914.0
490,комнату,cta0029.seg_Y1,94914.0,117502.0
491,на,cta0029.seg_Y1,117502.0,123392.0
492,что-то,cta0029.seg_Y1,123392.0,140280.0
493,более,cta0029.seg_Y1,140280.0,156530.0
494,стоящее,cta0029.seg_Y1,156530.0,188700.0
495,будет,cta0029.seg_Y1,210502.0,227912.0
496,обмен,cta0029.seg_Y1,250262.0,269232.0
497,это,cta0029.seg_Y1,286728.0,297242.0
498,не,cta0029.seg_Y1,297242.0,302160.0
499,страшно,cta0029.seg_Y1,302160.0,329106.0
500,надо,cta0030.seg_Y1,0.0,17300.0
501,действовать,cta0030.seg_Y1,17300.0,45456.0
502,энергично,cta0030.seg_Y1,45456.0,76542.0
503,каждый,cta0031.seg_Y1,0.0,19654.0
504,день,cta0031.seg_Y1,19654.0,33780.0
505,что-то,cta0031.seg_Y1,33780.0,51526.0
506,делать,cta0031.seg_Y1,51526.0,74648.0
507,лучше,cta0032.seg_Y1,0.0,15980.0
508,всего,cta0032.seg_Y1,15980.0,30708.0
509,найти,cta0032.seg_Y1,30708.0,46318.0
510,маклера,cta0032.seg_Y1,46318.0,74350.0
511,у,cta0033.seg_Y1,0.0,5488.0
512,люси,cta0033.seg_Y1,5488.0,26090.0
513,есть,cta0033.seg_Y1,26090.0,32898.0
514,знакомый,cta0033.seg_Y1,32898.0,54738.0
515,маклер,cta0033.seg_Y1,54738.0,77780.0
516,старичок,cta0033.seg_Y1,87548.0,119600.0
517,очень,cta0033.seg_Y1,128314.0,144572.0
518,милый,cta0033.seg_Y1,144572.0,164298.0
519,он,cta0034.seg_Y1,0.0,8164.0
520,правда,cta0034.seg_Y1,8164.0,24582.0
521,никому,cta0034.seg_Y1,24582.0,41032.0
522,не,cta0034.seg_Y1,41032.0,45102.0
523,дает,cta0034.seg_Y1,45102.0,60182.0
524,своего,cta0034.seg_Y1,60182.0,76516.0
525,адреса,cta0034.seg_Y1,76516.0,99948.0
526,и,cta0034.seg_Y1,99948.0,102928.0
527,телефона,cta0034.seg_Y1,102928.0,131470.0
528,а,cta0034.seg_Y1,147904.0,151990.0
529,появляется,cta0034.seg_Y1,151990.0,180456.0
530,сам,cta0034.seg_Y1,180456.0,194442.0
531,как,cta0034.seg_Y1,194442.0,204102.0
532,снег,cta0034.seg_Y1,204102.0,217810.0
533,на,cta0034.seg_Y1,217810.0,225676.0
534,голову,cta0034.seg_Y1,225676.0,244448.0
535,такой,cta0034.seg_Y1,254682.0,268568.0
536,конспиратор,cta0034.seg_Y1,268568.0,300274.0
537,но,cta0034.seg_Y1,321204.0,329294.0
538,у,cta0034.seg_Y1,329294.0,333754.0
539,люси,cta0034.seg_Y1,333754.0,348058.0
540,он,cta0034.seg_Y1,348058.0,353922.0
541,должен,cta0034.seg_Y1,353922.0,369442.0
542,скоро,cta0034.seg_Y1,369442.0,385306.0
543,появиться,cta0034.seg_Y1,385306.0,419350.0
544,она,cta0034.seg_Y1,434802.0,445742.0
545,ему,cta0034.seg_Y1,445742.0,455404.0
546,задолжала,cta0034.seg_Y1,455404.0,489666.0
547,это,cta0035.seg_Y1,0.0,12074.0
548,закон,cta0035.seg_Y1,12074.0,35970.0
549,никогда,cta0035.seg_Y1,55668.0,80162.0
550,нельзя,cta0035.seg_Y1,80162.0,95316.0
551,давать,cta0035.seg_Y1,95316.0,111806.0
552,им,cta0035.seg_Y1,111806.0,116926.0
553,деньги,cta0035.seg_Y1,116926.0,132664.0
554,вперед,cta0035.seg_Y1,132664.0,155854.0
555,разговаривая,cta0036.seg_Y1,0.0,36374.0
556,лена,cta0036.seg_Y1,36374.0,49074.0
557,стелила,cta0036.seg_Y1,49074.0,71188.0
558,постель,cta0036.seg_Y1,71188.0,97064.0
559,он,cta0037.seg_Y1,0.0,7278.0
560,никак,cta0037.seg_Y1,7278.0,25726.0
561,не,cta0037.seg_Y1,25726.0,29706.0
562,мог,cta0037.seg_Y1,29706.0,38234.0
563,посмотреть,cta0037.seg_Y1,38234.0,65442.0
564,ей,cta0037.seg_Y1,65442.0,71404.0
565,в,cta0037.seg_Y1,71404.0,74534.0
566,глаза,cta0037.seg_Y1,74534.0,97088.0
567,теперь,cta0037.seg_Y1,129486.0,145788.0
568,он,cta0037.seg_Y1,145788.0,151184.0
569,хотел,cta0037.seg_Y1,151184.0,173430.0
570,этого,cta0037.seg_Y1,173430.0,190440.0
571,но,cta0037.seg_Y1,232670.0,240036.0
572,лена,cta0037.seg_Y1,240036.0,250816.0
573,стояла,cta0037.seg_Y1,250816.0,269858.0
574,к,cta0037.seg_Y1,269858.0,273506.0
575,нему,cta0037.seg_Y1,273506.0,284892.0
576,то,cta0037.seg_Y1,284892.0,294462.0
577,боком,cta0037.seg_Y1,294462.0,318398.0
578,то,cta0037.seg_Y1,331998.0,339578.0
579,спиной,cta0037.seg_Y1,339578.0,366678.0
580,когда,cta0037.seg_Y1,400936.0,419008.0
581,же,cta0037.seg_Y1,419008.0,423880.0
582,она,cta0037.seg_Y1,423880.0,432586.0
583,повернулась,cta0037.seg_Y1,432586.0,465424.0
584,и,cta0037.seg_Y1,465424.0,466798.0
585,он,cta0037.seg_Y1,466798.0,473548.0
586,взглянул,cta0037.seg_Y1,473548.0,496796.0
587,ей,cta0037.seg_Y1,496796.0,503008.0
588,прямо,cta0037.seg_Y1,503008.0,518160.0
589,в,cta0037.seg_Y1,518160.0,520792.0
590,глаза,cta0037.seg_Y1,520792.0,542188.0
591,близорукие,cta0037.seg_Y1,558042.0,594730.0
592,с,cta0037.seg_Y1,594730.0,601082.0
593,расширенными,cta0037.seg_Y1,601082.0,628870.0
594,от,cta0037.seg_Y1,628870.0,634322.0
595,вечернего,cta0037.seg_Y1,634322.0,656996.0
596,чтения,cta0037.seg_Y1,656996.0,677014.0
597,зрачками,cta0037.seg_Y1,677014.0,707870.0
598,увидел,cta0037.seg_Y1,732220.0,764300.0
599,решимость,cta0037.seg_Y1,779610.0,812148.0
600,наверно,cta0038.seg_Y1,0.0,20344.0
601,готовилась,cta0038.seg_Y1,20344.0,45782.0
602,к,cta0038.seg_Y1,45782.0,49742.0
603,разговору,cta0038.seg_Y1,49742.0,73736.0
604,давно,cta0038.seg_Y1,73736.0,96440.0
605,может,cta0038.seg_Y1,110134.0,125008.0
606,с,cta0038.seg_Y1,125008.0,127190.0
607,первого,cta0038.seg_Y1,127190.0,145928.0
608,дня,cta0038.seg_Y1,145928.0,157394.0
609,как,cta0038.seg_Y1,157394.0,166600.0
610,узнала,cta0038.seg_Y1,166600.0,184800.0
611,о,cta0038.seg_Y1,184800.0,187614.0
612,болезни,cta0038.seg_Y1,187614.0,208598.0
613,матери,cta0038.seg_Y1,208598.0,231740.0
614,тогда,cta0039.seg_Y1,0.0,19340.0
615,же,cta0039.seg_Y1,19340.0,26342.0
616,ее,cta0039.seg_Y1,26342.0,41942.0
617,и,cta0039.seg_Y1,41942.0,44982.0
618,осенило,cta0039.seg_Y1,44982.0,74618.0
619,и,cta0040.seg_Y1,0.0,3940.0
620,пока,cta0040.seg_Y1,3940.0,18012.0
621,он,cta0040.seg_Y1,18012.0,24820.0
622,подавленный,cta0040.seg_Y1,24820.0,55972.0
623,ужасом,cta0040.seg_Y1,55972.0,77806.0
624,носился,cta0040.seg_Y1,77806.0,99018.0
625,по,cta0040.seg_Y1,99018.0,105640.0
626,врачам,cta0040.seg_Y1,105640.0,134496.0
627,звонил,cta0040.seg_Y1,144246.0,164934.0
628,в,cta0040.seg_Y1,164934.0,167986.0
629,больницы,cta0040.seg_Y1,167986.0,201002.0
630,устраивал,cta0040.seg_Y1,212024.0,248402.0
631,терзался,cta0040.seg_Y1,255806.0,297418.0
632,она,cta0040.seg_Y1,320474.0,336620.0
633,обдумывала,cta0040.seg_Y1,336620.0,378534.0
634,соображала,cta0040.seg_Y1,395660.0,435348.0
635,и,cta0041.seg_Y1,0.0,4102.0
636,вот,cta0041.seg_Y1,4102.0,14116.0
637,нашла,cta0041.seg_Y1,14116.0,29730.0
638,каких-то,cta0041.seg_Y1,29730.0,50672.0
639,маркушевичей,cta0041.seg_Y1,50672.0,92610.0
640,странно,cta0042.seg_Y1,0.0,27944.0
641,он,cta0042.seg_Y1,50472.0,59226.0
642,не,cta0042.seg_Y1,59226.0,62078.0
643,испытывал,cta0042.seg_Y1,62078.0,88036.0
644,сейчас,cta0042.seg_Y1,88036.0,110448.0
645,ни,cta0042.seg_Y1,110448.0,117456.0
646,гнева,cta0042.seg_Y1,117456.0,143552.0
647,ни,cta0042.seg_Y1,157598.0,166376.0
648,боли,cta0042.seg_Y1,166376.0,186938.0
649,только,cta0043.seg_Y1,24304.0,45136.0
650,о,cta0043.seg_Y1,48552.0,52126.0
651,беспощадности,cta0043.seg_Y1,52126.0,98654.0
652,жизни,cta0043.seg_Y1,98654.0,121470.0
653,лена,cta0044.seg_Y1,0.0,16502.0
654,тут,cta0044.seg_Y1,16502.0,29424.0
655,ни,cta0044.seg_Y1,29424.0,33552.0
656,при,cta0044.seg_Y1,33552.0,41626.0
657,чем,cta0044.seg_Y1,41626.0,61242.0
658,она,cta0044.seg_Y1,92236.0,104736.0
659,была,cta0044.seg_Y1,104736.0,116246.0
660,частью,cta0044.seg_Y1,116246.0,142674.0
661,этой,cta0044.seg_Y1,142674.0,154624.0
662,жизни,cta0044.seg_Y1,154624.0,180032.0
663,частью,cta0044.seg_Y1,203250.0,229998.0
664,беспощадности,cta0044.seg_Y1,229998.0,278520.0
665,того,cta0045.seg_Y1,15340.0,33352.0
666,можно,cta0045.seg_Y1,53004.0,69678.0
667,ли,cta0045.seg_Y1,69678.0,74012.0
668,сердиться,cta0045.seg_Y1,74012.0,96734.0
669,на,cta0045.seg_Y1,96734.0,101898.0
670,человека,cta0045.seg_Y1,101898.0,133662.0
671,лишенного,cta0045.seg_Y1,145128.0,172910.0
672,к,cta0045.seg_Y1,172910.0,176376.0
673,примеру,cta0045.seg_Y1,176376.0,195912.0
674,музыкального,cta0045.seg_Y1,195912.0,226756.0
675,слуха,cta0045.seg_Y1,226756.0,249402.0
676,лену,cta0046.seg_Y1,0.0,14298.0
677,отличала,cta0046.seg_Y1,34674.0,61780.0
678,некоторая,cta0046.seg_Y1,61780.0,86396.0
679,душевная,cta0046.seg_Y1,86396.0,118358.0
680,нет,cta0046.seg_Y1,130994.0,146958.0
681,не,cta0046.seg_Y1,146958.0,151704.0
682,глухота,cta0046.seg_Y1,151704.0,180466.0
683,чересчур,cta0046.seg_Y1,180466.0,202794.0
684,сильно,cta0046.seg_Y1,202794.0,225656.0
685,некоторая,cta0046.seg_Y1,253288.0,276710.0
686,душевная,cta0046.seg_Y1,276710.0,304686.0
687,неточность,cta0046.seg_Y1,304686.0,341574.0
688,и,cta0046.seg_Y1,369792.0,373940.0
689,это,cta0046.seg_Y1,373940.0,382272.0
690,свойство,cta0046.seg_Y1,382272.0,407590.0
691,еще,cta0046.seg_Y1,407590.0,419468.0
692,обострялось,cta0046.seg_Y1,419468.0,451750.0
693,когда,cta0046.seg_Y1,465252.0,479562.0
694,вступало,cta0046.seg_Y1,479562.0,500922.0
695,в,cta0046.seg_Y1,500922.0,503782.0
696,действие,cta0046.seg_Y1,503782.0,525332.0
697,сильнейшее,cta0046.seg_Y1,560328.0,589158.0
698,качество,cta0046.seg_Y1,589158.0,613308.0
699,лены,cta0046.seg_Y1,613308.0,630204.0
700,умение,cta0046.seg_Y1,652844.0,677820.0
701,добиваться,cta0046.seg_Y1,677820.0,705826.0
702,своего,cta0046.seg_Y1,705826.0,730224.0
703,он,cta0047.seg_Y1,0.0,9020.0
704,зацепился,cta0047.seg_Y1,9020.0,38636.0
705,за,cta0047.seg_Y1,38636.0,45988.0
706,то,cta0047.seg_Y1,45988.0,53924.0
707,что,cta0047.seg_Y1,53924.0,63680.0
708,было,cta0047.seg_Y1,63680.0,75318.0
709,вблизи,cta0047.seg_Y1,75318.0,100798.0
710,зачем,cta0047.seg_Y1,141320.0,166138.0
711,нужен,cta0047.seg_Y1,166138.0,181270.0
712,маклер,cta0047.seg_Y1,181270.0,204090.0
713,если,cta0047.seg_Y1,213630.0,227922.0
714,квартира,cta0047.seg_Y1,227922.0,251428.0
715,на,cta0047.seg_Y1,251428.0,257362.0
716,малой,cta0047.seg_Y1,257362.0,269348.0
717,грузинской,cta0047.seg_Y1,269348.0,296736.0
718,уже,cta0047.seg_Y1,296736.0,306890.0
719,найдена,cta0047.seg_Y1,306890.0,332754.0
720,маклер,cta0048.seg_Y1,0.0,22246.0
721,нужен,cta0048.seg_Y1,22246.0,37810.0
722,если,cta0048.seg_Y1,37810.0,50454.0
723,придется,cta0048.seg_Y1,50454.0,72654.0
724,менять,cta0048.seg_Y1,72654.0,88402.0
725,их,cta0048.seg_Y1,88402.0,92066.0
726,комнату,cta0048.seg_Y1,92066.0,120922.0
727,и,cta0049.seg_Y1,0.0,4640.0
728,вообще,cta0049.seg_Y1,4640.0,25718.0
729,чтоб,cta0049.seg_Y1,25718.0,35868.0
730,ускорить,cta0049.seg_Y1,35868.0,58568.0
731,весь,cta0049.seg_Y1,58568.0,66012.0
732,процесс,cta0049.seg_Y1,66012.0,91276.0
733,она,cta0050.seg_Y1,0.0,14012.0
734,не,cta0050.seg_Y1,14012.0,19700.0
735,ему,cta0050.seg_Y1,45904.0,57450.0
736,ни,cta0050.seg_Y1,57450.0,62332.0
737,копейки,cta0050.seg_Y1,62332.0,85016.0
738,до,cta0050.seg_Y1,85016.0,90754.0
739,тех,cta0050.seg_Y1,90754.0,101064.0
740,пор,cta0050.seg_Y1,101064.0,114274.0
741,пока,cta0050.seg_Y1,125816.0,142552.0
742,не,cta0050.seg_Y1,142552.0,148086.0
743,получит,cta0050.seg_Y1,148086.0,172044.0
744,ордер,cta0050.seg_Y1,172044.0,188148.0
745,на,cta0050.seg_Y1,188148.0,196772.0
746,руки,cta0050.seg_Y1,196772.0,213826.0
747,это,cta0051.seg_Y1,19808.0,29368.0
748,не,cta0051.seg_Y1,29368.0,34000.0
749,так,cta0051.seg_Y1,34000.0,44404.0
750,уж,cta0051.seg_Y1,44404.0,51242.0
751,дорого,cta0051.seg_Y1,51242.0,75076.0
752,рублей,cta0051.seg_Y1,85886.0,102348.0
753,сто,cta0051.seg_Y1,102348.0,122128.0
754,максимум,cta0051.seg_Y1,138574.0,161776.0
755,полтораста,cta0051.seg_Y1,161776.0,198172.0
756,так,cta0052.seg_Y1,0.0,11900.0
757,и,cta0052.seg_Y1,11900.0,15318.0
758,есть,cta0052.seg_Y1,15318.0,35218.0
759,его,cta0053.seg_Y1,0.0,16108.0
760,мрачность,cta0053.seg_Y1,16108.0,45076.0
761,она,cta0053.seg_Y1,48980.0,58406.0
762,расценила,cta0053.seg_Y1,58406.0,82588.0
763,по-своему,cta0053.seg_Y1,82588.0,113392.0
764,тонкая,cta0054.seg_Y1,21986.0,43674.0
765,душа,cta0054.seg_Y1,43674.0,66006.0
766,какой,cta0054.seg_Y1,77506.0,94638.0
767,психолог,cta0054.seg_Y1,94638.0,130632.0
768,он,cta0055.seg_Y1,0.0,6102.0
769,сказал,cta0055.seg_Y1,6102.0,25236.0
770,что,cta0055.seg_Y1,25236.0,35762.0
771,бы,cta0055.seg_Y1,49616.0,56056.0
772,она,cta0055.seg_Y1,56056.0,64984.0
773,подождала,cta0055.seg_Y1,64984.0,95898.0
774,пока,cta0055.seg_Y1,95898.0,109394.0
775,он,cta0055.seg_Y1,109394.0,114448.0
776,начнет,cta0055.seg_Y1,114448.0,131628.0
777,этот,cta0055.seg_Y1,131628.0,142004.0
778,разговор,cta0055.seg_Y1,142004.0,161336.0
779,сам,cta0055.seg_Y1,161336.0,180284.0
780,а,cta0055.seg_Y1,213268.0,217658.0
781,не,cta0055.seg_Y1,217658.0,223500.0
782,начнет,cta0055.seg_Y1,223500.0,246180.0
783,значит,cta0055.seg_Y1,258762.0,278846.0
784,не,cta0055.seg_Y1,278846.0,283914.0
785,нужно,cta0055.seg_Y1,283914.0,304584.0
786,нельзя,cta0055.seg_Y1,313152.0,342212.0
787,не,cta0055.seg_Y1,357468.0,366984.0
788,об,cta0055.seg_Y1,366984.0,374246.0
789,сейчас,cta0055.seg_Y1,385532.0,403338.0
790,надо,cta0055.seg_Y1,403338.0,412686.0
791,думать,cta0055.seg_Y1,412686.0,432172.0
792,витя,cta0056.seg_Y1,0.0,20336.0
793,я,cta0056.seg_Y1,20336.0,28026.0
794,понимаю,cta0056.seg_Y1,28026.0,59886.0
795,меня,cta0057.seg_Y1,20476.0,37488.0
796,сказала,cta0057.seg_Y1,42162.0,64178.0
797,лена,cta0057.seg_Y1,64178.0,74694.0
798,с,cta0057.seg_Y1,74694.0,79394.0
799,усилием,cta0057.seg_Y1,79394.0,105694.0
800,но,cta0057.seg_Y1,115880.0,133116.0
801,он,cta0058.seg_Y1,0.0,9256.0
802,видел,cta0058.seg_Y1,9256.0,25146.0
803,что,cta0058.seg_Y1,25146.0,34726.0
804,ей,cta0058.seg_Y1,34726.0,40756.0
805,очень,cta0058.seg_Y1,40756.0,55864.0
806,трудно,cta0058.seg_Y1,55864.0,74040.0
807,и,cta0058.seg_Y1,74040.0,76274.0
808,все-таки,cta0058.seg_Y1,76274.0,96782.0
809,она,cta0058.seg_Y1,96782.0,106376.0
810,договорит,cta0058.seg_Y1,106376.0,129214.0
811,до,cta0058.seg_Y1,129214.0,133304.0
812,конца,cta0058.seg_Y1,133304.0,155184.0
813,во-первых,cta0058.seg_Y1,213916.0,247428.0
814,ты,cta0058.seg_Y1,254960.0,260824.0
815,уже,cta0058.seg_Y1,260824.0,269998.0
816,этот,cta0058.seg_Y1,291526.0,302206.0
817,разговор,cta0058.seg_Y1,302206.0,323778.0
818,же,cta0058.seg_Y1,340980.0,None
819,много,cta0059.seg_Y1,0.0,16276.0
820,начинал,cta0059.seg_Y1,26748.0,48986.0
821,а,cta0060.seg_Y1,0.0,3782.0
822,во-вторых,cta0060.seg_Y1,3782.0,32380.0
823,это,cta0060.seg_Y1,53138.0,63018.0
824,нужно,cta0060.seg_Y1,63018.0,78688.0
825,нам,cta0060.seg_Y1,96844.0,109244.0
826,и,cta0060.seg_Y1,129668.0,134366.0
827,в,cta0060.seg_Y1,134366.0,138496.0
828,первую,cta0060.seg_Y1,138496.0,159978.0
829,очередь,cta0060.seg_Y1,159978.0,176156.0
830,твоей,cta0060.seg_Y1,176156.0,190862.0
831,маме,cta0060.seg_Y1,190862.0,212264.0
832,витька,cta0061.seg_Y1,0.0,21572.0
833,мой,cta0061.seg_Y1,40678.0,51662.0
834,я,cta0061.seg_Y1,70264.0,78050.0
835,же,cta0061.seg_Y1,78050.0,82998.0
836,тебя,cta0061.seg_Y1,82998.0,94754.0
837,понимаю,cta0061.seg_Y1,94754.0,126878.0
838,и,cta0061.seg_Y1,135214.0,139752.0
839,жалею,cta0061.seg_Y1,139752.0,157502.0
840,как,cta0061.seg_Y1,157502.0,168506.0
841,никто,cta0061.seg_Y1,168506.0,189474.0
842,и,cta0061.seg_Y1,201494.0,207088.0
843,я,cta0061.seg_Y1,207088.0,216196.0
844,говорю,cta0061.seg_Y1,216196.0,238440.0
845,это,cta0061.seg_Y1,249404.0,262498.0
846,нужно,cta0061.seg_Y1,262498.0,286520.0
847,поверь,cta0062.seg_Y1,0.0,22150.0
848,она,cta0063.seg_Y1,0.0,12754.0
849,его,cta0063.seg_Y1,34490.0,49442.0
850,ее,cta0064.seg_Y1,0.0,14710.0
851,руки,cta0064.seg_Y1,14710.0,29656.0
852,стискивали,cta0064.seg_Y1,29656.0,60348.0
853,его,cta0064.seg_Y1,60348.0,70432.0
854,все,cta0064.seg_Y1,70432.0,81596.0
855,сильнее,cta0064.seg_Y1,81596.0,107992.0
856,он,cta0065.seg_Y1,0.0,8032.0
857,знал,cta0065.seg_Y1,8032.0,27298.0
858,эта,cta0065.seg_Y1,47976.0,56570.0
859,внезапная,cta0065.seg_Y1,56570.0,84352.0
860,любовь,cta0065.seg_Y1,84352.0,103400.0
861,неподдельна,cta0065.seg_Y1,103400.0,141506.0
862,но,cta0066.seg_Y1,0.0,8116.0
863,почувствовал,cta0066.seg_Y1,8116.0,39720.0
864,раздражение,cta0066.seg_Y1,39720.0,75946.0
865,и,cta0066.seg_Y1,89338.0,92860.0
866,отодвинул,cta0066.seg_Y1,92860.0,126502.0
867,лену,cta0066.seg_Y1,126502.0,139050.0
868,локтем,cta0066.seg_Y1,139050.0,160346.0
869,ты,cta0067.seg_Y1,0.0,6228.0
870,не,cta0067.seg_Y1,6228.0,12014.0
871,была,cta0067.seg_Y1,34442.0,44410.0
872,сейчас,cta0067.seg_Y1,44410.0,62326.0
873,начинать,cta0067.seg_Y1,62326.0,86442.0
874,повторил,cta0067.seg_Y1,86442.0,106516.0
875,он,cta0067.seg_Y1,106516.0,112496.0
876,угрюмо,cta0067.seg_Y1,112496.0,133904.0
877,ну,cta0068.seg_Y1,0.0,7560.0
878,хорошо,cta0068.seg_Y1,7560.0,36246.0
879,ну,cta0068.seg_Y1,55784.0,64100.0
880,меня,cta0068.seg_Y1,84270.0,100678.0
881,но,cta0069.seg_Y1,0.0,5522.0
882,я,cta0069.seg_Y1,5522.0,13552.0
883,же,cta0069.seg_Y1,13552.0,18826.0
884,забочусь,cta0069.seg_Y1,18826.0,42434.0
885,не,cta0069.seg_Y1,42434.0,49038.0
886,о,cta0069.seg_Y1,49038.0,51266.0
887,себе,cta0069.seg_Y1,51266.0,71078.0
888,же,cta0069.seg_Y1,95366.0,104056.0
889,замолчи,cta0070.seg_Y1,0.0,33786.0
890,почти,cta0070.seg_Y1,42968.0,62586.0
891,крикнул,cta0070.seg_Y1,62586.0,81728.0
892,он,cta0070.seg_Y1,81728.0,86176.0
893,шепотом,cta0070.seg_Y1,86176.0,111500.0
894,лена,cta0071.seg_Y1,0.0,14164.0
895,отошла,cta0071.seg_Y1,14164.0,32170.0
896,к,cta0071.seg_Y1,32170.0,35252.0
897,тахте,cta0071.seg_Y1,35252.0,54642.0
898,и,cta0071.seg_Y1,54642.0,57042.0
899,продолжала,cta0071.seg_Y1,57042.0,85422.0
900,раскладывать,cta0071.seg_Y1,85422.0,112342.0
901,постель,cta0071.seg_Y1,112342.0,133068.0
902,молча,cta0071.seg_Y1,133068.0,157780.0
903,она,cta0072.seg_Y1,0.0,12136.0
904,вынула,cta0072.seg_Y1,12136.0,30498.0
905,из,cta0072.seg_Y1,30498.0,38566.0
906,ящика,cta0072.seg_Y1,38566.0,60124.0
907,стоявшего,cta0072.seg_Y1,60124.0,90414.0
908,в,cta0072.seg_Y1,90414.0,93082.0
909,головах,cta0072.seg_Y1,93082.0,112050.0
910,тахты,cta0072.seg_Y1,112050.0,134332.0
911,толстую,cta0072.seg_Y1,149014.0,175468.0
912,клетчатую,cta0072.seg_Y1,175468.0,199958.0
913,скатерть,cta0072.seg_Y1,199958.0,229236.0
914,служившую,cta0072.seg_Y1,240358.0,265440.0
915,обыкновенно,cta0072.seg_Y1,265440.0,293994.0
916,подкладкой,cta0072.seg_Y1,293994.0,322446.0
917,под,cta0072.seg_Y1,322446.0,331784.0
918,простыню,cta0072.seg_Y1,331784.0,359138.0
919,но,cta0072.seg_Y1,371418.0,379176.0
920,иногда,cta0072.seg_Y1,379176.0,400712.0
921,применявшуюся,cta0072.seg_Y1,400712.0,442234.0
922,и,cta0072.seg_Y1,442234.0,447408.0
923,по,cta0072.seg_Y1,447408.0,453690.0
924,своему,cta0072.seg_Y1,453690.0,472310.0
925,прямому,cta0072.seg_Y1,472310.0,493392.0
926,назначению,cta0072.seg_Y1,493392.0,530194.0
927,для,cta0072.seg_Y1,540308.0,550966.0
928,обеденного,cta0072.seg_Y1,550966.0,579412.0
929,стола,cta0072.seg_Y1,579412.0,599996.0
930,на,cta0072.seg_Y1,643768.0,649904.0
931,скатерть,cta0072.seg_Y1,649904.0,668066.0
932,положила,cta0072.seg_Y1,668066.0,689648.0
933,простыню,cta0072.seg_Y1,689648.0,720394.0
934,которая,cta0072.seg_Y1,727974.0,748540.0
935,вздулась,cta0072.seg_Y1,748540.0,774746.0
936,и,cta0072.seg_Y1,778794.0,781798.0
937,легла,cta0072.seg_Y1,781798.0,797812.0
938,не,cta0072.seg_Y1,797812.0,803656.0
939,очень,cta0072.seg_Y1,803656.0,817792.0
940,ровно,cta0072.seg_Y1,817792.0,836720.0
941,и,cta0072.seg_Y1,863190.0,868294.0
942,лена,cta0072.seg_Y1,868294.0,879460.0
943,нагнулась,cta0072.seg_Y1,879460.0,909530.0
944,вытягивая,cta0072.seg_Y1,916420.0,945284.0
945,вперед,cta0072.seg_Y1,945284.0,964298.0
946,руки,cta0072.seg_Y1,964298.0,975226.0
947,чтобы,cta0072.seg_Y1,975226.0,988062.0
948,достать,cta0072.seg_Y1,988062.0,1008484.0
949,до,cta0072.seg_Y1,1008484.0,1015152.0
950,дальнего,cta0072.seg_Y1,1015152.0,1032990.0
951,края,cta0072.seg_Y1,1032990.0,1046728.0
952,тахты,cta0072.seg_Y1,1046728.0,1068394.0
953,лицо,cta0072.seg_Y1,1100018.0,1118946.0
954,ее,cta0072.seg_Y1,1118946.0,1125644.0
955,при,cta0072.seg_Y1,1125644.0,1132390.0
956,этом,cta0072.seg_Y1,1132390.0,1144764.0
957,мгновенно,cta0072.seg_Y1,1144764.0,1174298.0
958,налилось,cta0072.seg_Y1,1174298.0,1193956.0
959,краской,cta0072.seg_Y1,1193956.0,1220254.0
960,а,cta0072.seg_Y1,1238462.0,1242308.0
961,живот,cta0072.seg_Y1,1242308.0,1262526.0
962,низко,cta0072.seg_Y1,1262526.0,1278182.0
963,провис,cta0072.seg_Y1,1278182.0,1300488.0
964,и,cta0072.seg_Y1,1314724.0,1317148.0
965,показался,cta0072.seg_Y1,1317148.0,1343078.0
966,дмитриеву,cta0072.seg_Y1,1343078.0,1374086.0
967,очень,cta0072.seg_Y1,1378586.0,1395510.0
968,большим,cta0072.seg_Y1,1395510.0,1421270.0
969,и,cta0072.seg_Y1,1448602.0,1453658.0
970,расправила,cta0072.seg_Y1,1453658.0,1480262.0
971,завернувшиеся,cta0072.seg_Y1,1480262.0,1518894.0
972,углы,cta0072.seg_Y1,1518894.0,1536306.0
973,когда,cta0072.seg_Y1,1550468.0,1566566.0
974,стелил,cta0072.seg_Y1,1566566.0,1582478.0
975,дмитриев,cta0072.seg_Y1,1582478.0,1607962.0
976,он,cta0072.seg_Y1,1622266.0,1628944.0
977,не,cta0072.seg_Y1,1648400.0,1652950.0
978,расправлял,cta0072.seg_Y1,1652950.0,1675696.0
979,углов,cta0072.seg_Y1,1675696.0,1692914.0
980,потом,cta0072.seg_Y1,1721344.0,1739348.0
981,бросила,cta0072.seg_Y1,1739348.0,1757946.0
982,на,cta0072.seg_Y1,1757946.0,1761514.0
983,простыню,cta0072.seg_Y1,1761514.0,1785732.0
984,к,cta0072.seg_Y1,1785732.0,1790630.0
985,ящику,cta0072.seg_Y1,1790630.0,1810828.0
986,две,cta0072.seg_Y1,1810828.0,1820408.0
987,подушки,cta0072.seg_Y1,1820408.0,1847282.0
988,одна,cta0072.seg_Y1,1862894.0,1874344.0
989,из,cta0072.seg_Y1,1874344.0,1878592.0
990,которых,cta0072.seg_Y1,1878592.0,1894238.0
991,была,cta0072.seg_Y1,1894238.0,1906848.0
992,с,cta0072.seg_Y1,1906848.0,1910938.0
993,менее,cta0072.seg_Y1,1910938.0,1925344.0
994,свежей,cta0072.seg_Y1,1925344.0,1942340.0
995,наволочкой,cta0072.seg_Y1,1942340.0,1972998.0
996,эта,cta0072.seg_Y1,1983800.0,1993490.0
997,подушка,cta0072.seg_Y1,1993490.0,2014918.0
998,принадлежала,cta0072.seg_Y1,2014918.0,2046102.0
999,дмитриеву,cta0072.seg_Y1,2046102.0,2073982.0
1000,вытянув,cta0073.seg_Y1,0.0,21276.0
1001,из,cta0073.seg_Y1,21276.0,27216.0
1002,ящика,cta0073.seg_Y1,27216.0,47374.0
1003,и,cta0073.seg_Y1,47374.0,49784.0
1004,кладя,cta0073.seg_Y1,49784.0,65598.0
1005,на,cta0073.seg_Y1,65598.0,69312.0
1006,тахту,cta0073.seg_Y1,69312.0,84840.0
1007,два,cta0073.seg_Y1,84840.0,96536.0
1008,ватных,cta0073.seg_Y1,96536.0,114230.0
1009,одеяла,cta0073.seg_Y1,114230.0,137298.0
1010,лена,cta0073.seg_Y1,156014.0,170168.0
1011,сказала,cta0073.seg_Y1,170168.0,193904.0
1012,дрожащим,cta0073.seg_Y1,193904.0,221310.0
1013,голосом,cta0073.seg_Y1,221310.0,245822.0
1014,ты,cta0073.seg_Y1,279284.0,287312.0
1015,меня,cta0073.seg_Y1,287312.0,300080.0
1016,как,cta0073.seg_Y1,300080.0,308654.0
1017,будто,cta0073.seg_Y1,308654.0,322230.0
1018,обвиняешь,cta0073.seg_Y1,322230.0,349336.0
1019,в,cta0073.seg_Y1,349336.0,352834.0
1020,бестактности,cta0073.seg_Y1,352834.0,392304.0
1021,но,cta0073.seg_Y1,412524.0,418698.0
1022,честное,cta0073.seg_Y1,418698.0,437964.0
1023,слово,cta0073.seg_Y1,437964.0,457070.0
1024,витя,cta0073.seg_Y1,457070.0,476500.0
1025,я,cta0073.seg_Y1,497974.0,511810.0
1026,думала,cta0073.seg_Y1,553162.0,570148.0
1027,обо,cta0073.seg_Y1,570148.0,578590.0
1028,всех,cta0073.seg_Y1,578590.0,592250.0
1029,нас,cta0073.seg_Y1,592250.0,607328.0
1030,о,cta0074.seg_Y1,0.0,3970.0
1031,будущем,cta0074.seg_Y1,3970.0,24844.0
1032,наташки,cta0074.seg_Y1,24844.0,52852.0
1033,да,cta0075.seg_Y1,0.0,6036.0
1034,как,cta0075.seg_Y1,6036.0,16286.0
1035,ты,cta0075.seg_Y1,16286.0,22596.0
1036,можешь,cta0075.seg_Y1,22596.0,47336.0
1037,что,cta0076.seg_Y1,0.0,22122.0
1038,как,cta0077.seg_Y1,0.0,10418.0
1039,ты,cta0077.seg_Y1,10418.0,16864.0
1040,вообще,cta0077.seg_Y1,35766.0,52358.0
1041,говорить,cta0077.seg_Y1,52358.0,70568.0
1042,об,cta0077.seg_Y1,70568.0,76020.0
1043,этом,cta0077.seg_Y1,76020.0,85564.0
1044,сейчас,cta0077.seg_Y1,85564.0,109444.0
1045,как,cta0078.seg_Y1,0.0,10246.0
1046,у,cta0078.seg_Y1,10246.0,12294.0
1047,тебя,cta0078.seg_Y1,12294.0,24430.0
1048,что,cta0079.seg_Y1,14544.0,23652.0
1049,меня,cta0079.seg_Y1,23652.0,33920.0
1050,изумляет,cta0079.seg_Y1,33920.0,64444.0
1051,он,cta0079.seg_Y1,104836.0,113246.0
1052,чувствовал,cta0079.seg_Y1,113246.0,135952.0
1053,что,cta0079.seg_Y1,135952.0,143970.0
1054,раздражение,cta0079.seg_Y1,143970.0,173808.0
1055,растет,cta0079.seg_Y1,173808.0,193740.0
1056,и,cta0079.seg_Y1,193740.0,195676.0
1057,рвется,cta0079.seg_Y1,195676.0,213568.0
1058,на,cta0079.seg_Y1,213568.0,219782.0
1059,волю,cta0079.seg_Y1,219782.0,237174.0
1060,ей-богу,cta0080.seg_Y1,0.0,26308.0
1061,в,cta0080.seg_Y1,26308.0,29288.0
1062,тебе,cta0080.seg_Y1,29288.0,40462.0
1063,есть,cta0080.seg_Y1,40462.0,52156.0
1064,какой-то,cta0080.seg_Y1,52156.0,70672.0
1065,душевный,cta0080.seg_Y1,70672.0,93966.0
1066,дефект,cta0080.seg_Y1,93966.0,119002.0
1067,какая-то,cta0081.seg_Y1,0.0,20612.0
1068,чувств,cta0081.seg_Y1,56420.0,81394.0
1069,что-то,cta0082.seg_Y1,0.0,16684.0
1070,прости,cta0082.seg_Y1,16684.0,34196.0
1071,меня,cta0082.seg_Y1,34196.0,48722.0
1072,недочеловеческое,cta0082.seg_Y1,54418.0,108802.0
1073,как,cta0083.seg_Y1,0.0,11084.0
1074,же,cta0083.seg_Y1,11084.0,17676.0
1075,можно,cta0083.seg_Y1,17676.0,40982.0
1076,дело,cta0084.seg_Y1,0.0,14728.0
1077,то,cta0084.seg_Y1,14728.0,21326.0
1078,в,cta0084.seg_Y1,21326.0,24376.0
1079,том,cta0084.seg_Y1,24376.0,36004.0
1080,что,cta0084.seg_Y1,36004.0,45500.0
1081,больна,cta0084.seg_Y1,45500.0,65116.0
1082,а,cta0084.seg_Y1,99076.0,101700.0
1083,не,cta0084.seg_Y1,101700.0,107426.0
1084,ведь,cta0084.seg_Y1,153812.0,167554.0
1085,и,cta0085.seg_Y1,0.0,4662.0
1086,на,cta0085.seg_Y1,4662.0,9482.0
1087,твоем,cta0085.seg_Y1,9482.0,27638.0
1088,бы,cta0085.seg_Y1,27638.0,32980.0
1089,месте,cta0085.seg_Y1,32980.0,53992.0
1090,говори,cta0086.seg_Y1,0.0,17100.0
1091,тише,cta0086.seg_Y1,17100.0,37896.0
1092,на,cta0087.seg_Y1,0.0,6444.0
1093,твоем,cta0087.seg_Y1,6444.0,27346.0
1094,бы,cta0087.seg_Y1,27346.0,33250.0
1095,месте,cta0087.seg_Y1,33250.0,52452.0
1096,я,cta0087.seg_Y1,52452.0,59686.0
1097,никогда,cta0087.seg_Y1,59686.0,81972.0
1098,первый,cta0087.seg_Y1,81972.0,105870.0
1099,тихо,cta0088.seg_Y1,0.0,22016.0
1100,она,cta0089.seg_Y1,0.0,11110.0
1101,махнула,cta0089.seg_Y1,11110.0,31214.0
1102,рукой,cta0089.seg_Y1,31214.0,48980.0
1103,оба,cta0090.seg_Y1,0.0,9570.0
1104,прислушались,cta0090.seg_Y1,9570.0,45868.0
1105,нет,cta0091.seg_Y1,0.0,14976.0
1106,все,cta0091.seg_Y1,26174.0,36136.0
1107,было,cta0091.seg_Y1,36136.0,46764.0
1108,тихо,cta0091.seg_Y1,46764.0,66162.0
1109,дочка,cta0092.seg_Y1,0.0,16584.0
1110,спала,cta0092.seg_Y1,16584.0,32708.0
1111,за,cta0092.seg_Y1,32708.0,38962.0
1112,ширмой,cta0092.seg_Y1,38962.0,55710.0
1113,в,cta0092.seg_Y1,55710.0,59234.0
1114,углу,cta0092.seg_Y1,59234.0,75396.0
1115,там,cta0093.seg_Y1,0.0,10146.0
1116,же,cta0093.seg_Y1,10146.0,15422.0
1117,за,cta0093.seg_Y1,15422.0,21778.0
1118,ширмой,cta0093.seg_Y1,21778.0,38328.0
1119,стоял,cta0093.seg_Y1,38328.0,57192.0
1120,ее,cta0093.seg_Y1,57192.0,63512.0
1121,письменный,cta0093.seg_Y1,63512.0,85512.0
1122,столик,cta0093.seg_Y1,85512.0,108500.0
1123,за,cta0093.seg_Y1,118224.0,124286.0
1124,которым,cta0093.seg_Y1,124286.0,141976.0
1125,вечерами,cta0093.seg_Y1,141976.0,165380.0
1126,она,cta0093.seg_Y1,165380.0,173152.0
1127,готовила,cta0093.seg_Y1,173152.0,198156.0
1128,уроки,cta0093.seg_Y1,198156.0,219492.0
1129,дмитриев,cta0094.seg_Y1,0.0,24342.0
1130,смастерил,cta0094.seg_Y1,24342.0,50622.0
1131,и,cta0094.seg_Y1,50622.0,52128.0
1132,повесил,cta0094.seg_Y1,52128.0,73190.0
1133,над,cta0094.seg_Y1,73190.0,83038.0
1134,столиком,cta0094.seg_Y1,83038.0,104536.0
1135,для,cta0094.seg_Y1,122506.0,131510.0
1136,книг,cta0094.seg_Y1,131510.0,149132.0
1137,провел,cta0094.seg_Y1,167448.0,183268.0
1138,туда,cta0094.seg_Y1,183268.0,198746.0
1139,для,cta0094.seg_Y1,237876.0,244416.0
1140,настольной,cta0094.seg_Y1,244416.0,267558.0
1141,лампы,cta0094.seg_Y1,267558.0,288386.0
1142,сделал,cta0094.seg_Y1,311700.0,333970.0
1143,за,cta0094.seg_Y1,333970.0,341552.0
1144,ширмой,cta0094.seg_Y1,341552.0,362868.0
1145,особую,cta0094.seg_Y1,368480.0,392590.0
1146,комнатку,cta0094.seg_Y1,392590.0,425484.0
1147,одиночку,cta0094.seg_Y1,438510.0,472746.0
1148,как,cta0094.seg_Y1,487500.0,498562.0
1149,называли,cta0094.seg_Y1,498562.0,525044.0
1150,ее,cta0094.seg_Y1,525044.0,537274.0
1151,в,cta0094.seg_Y1,537274.0,540804.0
1152,семье,cta0094.seg_Y1,540804.0,560872.0
1153,дмитриев,cta0095.seg_Y1,0.0,26256.0
1154,и,cta0095.seg_Y1,26256.0,28896.0
1155,лена,cta0095.seg_Y1,28896.0,42182.0
1156,спали,cta0095.seg_Y1,42182.0,59224.0
1157,на,cta0095.seg_Y1,59224.0,63522.0
1158,широкой,cta0095.seg_Y1,63522.0,81260.0
1159,тахте,cta0095.seg_Y1,81260.0,101298.0
1160,чехословацкого,cta0095.seg_Y1,101298.0,139076.0
1161,производства,cta0095.seg_Y1,139076.0,176638.0
1162,удачно,cta0095.seg_Y1,186256.0,206894.0
1163,купленной,cta0095.seg_Y1,206894.0,229898.0
1164,три,cta0095.seg_Y1,229898.0,239190.0
1165,года,cta0095.seg_Y1,239190.0,252458.0
1166,назад,cta0095.seg_Y1,252458.0,271940.0
1167,и,cta0095.seg_Y1,290706.0,297162.0
1168,являвшейся,cta0095.seg_Y1,297162.0,327184.0
1169,предметом,cta0095.seg_Y1,327184.0,357604.0
1170,зависти,cta0095.seg_Y1,357604.0,379696.0
1171,знакомых,cta0095.seg_Y1,379696.0,409458.0
1172,тахта,cta0096.seg_Y1,0.0,16704.0
1173,стояла,cta0096.seg_Y1,16704.0,38462.0
1174,у,cta0096.seg_Y1,38462.0,42818.0
1175,окна,cta0096.seg_Y1,42818.0,63808.0
1176,ее,cta0096.seg_Y1,86662.0,101084.0
1177,отделял,cta0096.seg_Y1,101084.0,121318.0
1178,от,cta0096.seg_Y1,121318.0,126876.0
1179,одиночки,cta0096.seg_Y1,126876.0,154522.0
1180,дубовый,cta0096.seg_Y1,165680.0,195854.0
1181,с,cta0096.seg_Y1,195854.0,202146.0
1182,резными,cta0096.seg_Y1,202146.0,223878.0
1183,украшениями,cta0096.seg_Y1,223878.0,257024.0
1184,буфет,cta0096.seg_Y1,257024.0,279730.0
1185,доставшийся,cta0096.seg_Y1,294274.0,326848.0
1186,лене,cta0096.seg_Y1,326848.0,339318.0
1187,в,cta0096.seg_Y1,339318.0,341752.0
1188,наследство,cta0096.seg_Y1,341752.0,368682.0
1189,от,cta0096.seg_Y1,368682.0,373796.0
1190,бабушки,cta0096.seg_Y1,373796.0,400526.0
1191,вещь,cta0096.seg_Y1,428596.0,443702.0
1192,нелепая,cta0096.seg_Y1,443702.0,473588.0
1193,которую,cta0096.seg_Y1,485890.0,504226.0
1194,дмитриев,cta0096.seg_Y1,504226.0,530626.0
1195,много,cta0096.seg_Y1,543006.0,558950.0
1196,раз,cta0096.seg_Y1,558950.0,567774.0
1197,предлагал,cta0096.seg_Y1,567774.0,590622.0
1198,продать,cta0096.seg_Y1,590622.0,616524.0
1199,лена,cta0096.seg_Y1,640604.0,654154.0
1200,была,cta0096.seg_Y1,670278.0,681582.0
1201,не,cta0096.seg_Y1,681582.0,685490.0
1202,против,cta0096.seg_Y1,685490.0,706892.0
1203,но,cta0096.seg_Y1,729246.0,736860.0
1204,возражала,cta0096.seg_Y1,736860.0,768128.0
1205,теща,cta0096.seg_Y1,768128.0,795482.0
1206,вера,cta0097.seg_Y1,0.0,16348.0
1207,лазаревна,cta0097.seg_Y1,16348.0,44650.0
1208,жила,cta0097.seg_Y1,58796.0,72478.0
1209,недалеко,cta0097.seg_Y1,72478.0,101774.0
1210,через,cta0097.seg_Y1,112186.0,124836.0
1211,два,cta0097.seg_Y1,124836.0,134498.0
1212,дома,cta0097.seg_Y1,134498.0,153044.0
1213,и,cta0097.seg_Y1,175788.0,179664.0
1214,приходила,cta0097.seg_Y1,179664.0,205664.0
1215,к,cta0097.seg_Y1,205664.0,209928.0
1216,лене,cta0097.seg_Y1,209928.0,222518.0
1217,почти,cta0097.seg_Y1,222518.0,242910.0
1218,ежедневно,cta0097.seg_Y1,242910.0,273818.0
1219,под,cta0097.seg_Y1,273818.0,283250.0
1220,предлогом,cta0097.seg_Y1,283250.0,308450.0
1221,наташеньке,cta0097.seg_Y1,343142.0,376494.0
1222,и,cta0097.seg_Y1,393128.0,399580.0
1223,облегчить,cta0097.seg_Y1,404924.0,438690.0
1224,ленусе,cta0097.seg_Y1,438690.0,466048.0
1225,а,cta0097.seg_Y1,492172.0,496706.0
1226,на,cta0097.seg_Y1,496706.0,502460.0
1227,самом,cta0097.seg_Y1,502460.0,519490.0
1228,деле,cta0097.seg_Y1,519490.0,534540.0
1229,с,cta0097.seg_Y1,549464.0,555368.0
1230,единственной,cta0097.seg_Y1,555368.0,587634.0
1231,целью,cta0097.seg_Y1,587634.0,611860.0
1232,беспардонно,cta0097.seg_Y1,630036.0,670988.0
1233,вмешиваться,cta0097.seg_Y1,670988.0,708884.0
1234,в,cta0097.seg_Y1,718352.0,720732.0
1235,чужую,cta0097.seg_Y1,720732.0,742632.0
1236,жизнь,cta0097.seg_Y1,742632.0,760382.0
1237,вечерами,cta0098.seg_Y1,0.0,25600.0
1238,ложась,cta0098.seg_Y1,25600.0,41778.0
1239,на,cta0098.seg_Y1,41778.0,46418.0
1240,свое,cta0098.seg_Y1,46418.0,60924.0
1241,чешское,cta0098.seg_Y1,60924.0,85890.0
1242,ложе,cta0098.seg_Y1,85890.0,106976.0
1243,оказавшееся,cta0098.seg_Y1,122454.0,158420.0
1244,не,cta0098.seg_Y1,158420.0,166378.0
1245,то,cta0098.seg_Y1,180870.0,185234.0
1246,прочным,cta0098.seg_Y1,185234.0,212142.0
1247,вскоре,cta0098.seg_Y1,229904.0,245766.0
1248,оно,cta0098.seg_Y1,245766.0,253916.0
1249,расшаталось,cta0098.seg_Y1,253916.0,283490.0
1250,и,cta0098.seg_Y1,283490.0,284738.0
1251,скрипело,cta0098.seg_Y1,284738.0,305936.0
1252,при,cta0098.seg_Y1,305936.0,312744.0
1253,каждом,cta0098.seg_Y1,312744.0,330524.0
1254,движении,cta0098.seg_Y1,330524.0,354744.0
1255,дмитриев,cta0098.seg_Y1,383968.0,409544.0
1256,и,cta0098.seg_Y1,409544.0,412052.0
1257,лена,cta0098.seg_Y1,412052.0,424478.0
1258,всегда,cta0098.seg_Y1,424478.0,448538.0
1259,долго,cta0098.seg_Y1,448538.0,464972.0
1260,прислушивались,cta0098.seg_Y1,464972.0,501042.0
1261,к,cta0098.seg_Y1,501042.0,505554.0
1262,звукам,cta0098.seg_Y1,505554.0,526540.0
1263,доносившимся,cta0098.seg_Y1,526540.0,565482.0
1264,из,cta0098.seg_Y1,568874.0,576542.0
1265,одиночки,cta0098.seg_Y1,576542.0,606826.0
1266,стараясь,cta0098.seg_Y1,628240.0,649034.0
1267,понять,cta0098.seg_Y1,649034.0,669840.0
1268,дочка,cta0098.seg_Y1,708048.0,728216.0
1269,или,cta0098.seg_Y1,733130.0,741346.0
1270,нет,cta0098.seg_Y1,741346.0,755680.0
1271,дмитриев,cta0098.seg_Y1,797302.0,823400.0
1272,звал,cta0098.seg_Y1,823400.0,840806.0
1273,проверяя,cta0098.seg_Y1,840806.0,864894.0
1274,вполголоса,cta0098.seg_Y1,864894.0,902614.0
1275,наташ,cta0098.seg_Y1,921974.0,949170.0
1276,наташ,cta0099.seg_Y1,9740.0,32866.0
1277,лена,cta0100.seg_Y1,0.0,13492.0
1278,подходила,cta0100.seg_Y1,13492.0,38440.0
1279,на,cta0100.seg_Y1,38440.0,44062.0
1280,цыпочках,cta0100.seg_Y1,44062.0,72156.0
1281,и,cta0100.seg_Y1,77546.0,81170.0
1282,смотрела,cta0100.seg_Y1,81170.0,105918.0
1283,сквозь,cta0100.seg_Y1,105918.0,121194.0
1284,щелку,cta0100.seg_Y1,121194.0,140662.0
1285,в,cta0100.seg_Y1,140662.0,144410.0
1286,ширме,cta0100.seg_Y1,144410.0,164658.0
